Links,Bios,CyberSecurity(Y/N)
https://in.linkedin.com/in/ceo-delhi-8848ba191,"CEO Delhi University. Collegiate Entrepreneurs' Organisation at Delhi University. Delhi, India · CEO AIC IIT Delhi. Chief Executive Officer at Indian Institute ...",N
https://in.linkedin.com/in/nidhilauria,"Nidhi Lauria. CEO, Delhi NCR at Bharti Airtel. Bharti AirtelIndian Institute of Foreign Trade. Noida, Uttar Pradesh, India. 3K followers 500+ connections.",N
https://in.linkedin.com/in/vijay-kantharia-8b607a100,"Chief Executive Officer (CEO). Delhi University - BioNEST. Oct 2020 - Present2 years 9 months. New Delhi, Delhi, India.",N
https://in.linkedin.com/in/ceo-delhi-university-824966177,"Team CEO DU | Learn more about CEO Delhi University's work experience, education, connections & more by visiting their profile on LinkedIn.",N
https://in.linkedin.com/in/civil-view-a4b692228,Vijay Kumar. CEO · Delhi Network Security. Founder at Delhi Network Security · Anmol Maheshwari. Founder at Delhi Hair Studio · Narender Dhawan. Editor in Chief at ...,N
https://in.linkedin.com/in/aman-ji-765b1b7b,"People also viewed · Sanjay Gupta. CEO. Delhi, India · CEO Delhi. CEO at ECI. Delhi, India · Mukesh Kumar. CEO. Delhi, India · Arun Kumar. CEO at DELHI MACHINE ...",N
https://in.linkedin.com/in/sanjay-gupta-558b3174,"Sanjay Gupta. CEO ... Arun Kumar. CEO at DELHI MACHINE TOOLS. West Delhi ... DELHI WEB TECHNOLOGIES. CEO,Founder at Delhi Web Technologies. Delhi, India ...",N
https://in.linkedin.com/in/deepak-choudhary-253a2a1b,"CEO -Audi Delhi West, Audi Approved Plus Noida| Story Teller |Guest Lecturer | Motivational speaker |Life Coach| Fitness Enthusiast | 12,000+ connections.",N
https://in.linkedin.com/in/yatin-chadha-83161311,"Yatin Chadha. CEO-Delhi/NCR Circle,Indus Towers Ltd FMCG/Automotive/Telecom/ Distribution/Franchising/Leadership/Startup/Team Building.",N
https://in.linkedin.com/in/saud-ahmed-25439aa3,Rahul Murail · Ramanujan V (DELHI CEO MEET) · hitesh kumar · Sanjay Dixit · Toyboy Delhi · Delhi Dealz · cfa delhi · Guddu Singh yadav.,N
https://in.linkedin.com/in/n-mohan-354402185,"N MOHAN. Delhi EV Cell, Transport Department, Govt of NCT of Delhi ... Amit Das. Founder & CEO at Electric One | India's largest EV Super Stores. Gurugram ...",N
https://in.linkedin.com/in/apostilledelhi,"People also viewed · Sanjay Kaul. CEO at Delhi Cloth Mills · Yogendra Singh. Chief Executive Officer at Bondwell Enterprises, New Delhi · Ruma Das. Admissions ...",N
https://in.linkedin.com/in/ashish-chopra-228bba10,"Ashish Chopra. Delhi Duty Free Services ... CEO of the Year ... Manpreet Saini. Finance Controller at Delhi Duty Free, Ex EY, PwC & Deloitte. West Delhi ...",N
https://in.linkedin.com/in/jagdish-tiwari-4711181b,"C E O. Delhi Sanchar Sewa Limited. Dec 2005 - Present17 years 7 months ... Chief Executive Officer at Aintree Tech Solutions Pvt Ltd,Director at ...",N
https://in.linkedin.com/in/vivek-dehli-024845126,Vivek dehli · Ceo at Delhi engg works · Report · Report · Experience · Education · Looking for career advice? · View Vivek's full profile · Sign in to view Vivek's full ...,N
https://in.linkedin.com/in/dr-rakesh-puri-514839222,"CEO at Delhi Cabz & Services Pvt. Ltd. Delhi, India · Sanjay Gautam. Head (as Secretary & CEO) for Ashok Leyland's JV with Govt ...",N
https://in.linkedin.com/in/geet-mangal-2712b012a,CEO at Delhi Web Hosting · Report · Report · Experience · People also viewed · Explore collaborative articles · Others named Geet Mangal · View Geet's full profile.,N
https://in.linkedin.com/in/agarwal-rajesh,"Rajesh Agarwal. Managing Director & CEO. Delhi Integrated Multi Modal Transit System Ltd. (DIMTS)Indian Institute of Technology, Delhi ...",N
https://in.linkedin.com/in/bobby-captan-6415412a,"Owner at Focus Technologies Nigeria Ltd, Iwo Road Ibadan. Nigeria. Nigeria · Rishabh Aneja. Chief Executive Officer at Hotel LA Delhi. Delhi, India ...",N
https://in.linkedin.com/in/rajeev-jindal-82535819b,"Director & CEO. Delhi Industries. Jun 1990 - Present33 years. New Delhi Area, India. Delhi Industries has been successfully catering to the needs of Civil ...",N
https://in.linkedin.com/in/op-bhatia-7b941b41,"CEO. Delhi Corporate Games. Dec 2010 - Present12 years 7 months. New Delhi Area, India. Corporate Benefits: Build employee confidence, loyalty and team ...",N
https://in.linkedin.com/in/delhiwebtechnologies,"Founder, CEO. Delhi Web Technologies. Aug 2012 - Present10 years 11 months. New Delhi , India. Delhi Web Technologies is a start-up certified IT & Web ...",N
https://in.linkedin.com/in/amitabh-kant-3680b01b1,"He has worked as Secretary, Tourism, Kerala, Joint Secretary, Tourism, Govt of India, District Collector, Kozhikode & CEO, Delhi- Mumbai Industrial Corridor.",N
https://in.linkedin.com/in/hassan-k-034b2535?trk=public_profile_browsemap_profile-result-card_result-card_full-click,"Since January 2020, working at his own office (Delhi Business Leaders Centre--DBLC) for writing books on success stories of Indian entrepreneurs and CEOs.",N
https://in.linkedin.com/in/u-s-sahai-22789424,Delhi NCR Graphic. CEO. Delhi NCR · Shree Bala Ji Associates. 10 years 4 months. Shree Bala Ji Associates Graphic. CEO. Shree Bala Ji Associates. Mar 2013 - ...,N
https://in.linkedin.com/in/lakshyarathore,Delhi Duty Free Services Graphic. Executive Assistant to CEO · Namo eWaste Management Ltd. Graphic · The New Indian Express Graphic. Assistant Manager & EA to AVP.,N
https://in.linkedin.com/in/neesha-chowdhary-40525544,"People also viewed · Sanjay Kaul. CEO at Delhi Cloth Mills · Rishabh Aneja. Chief Executive Officer at Hotel LA Delhi · Keshav Chandra. Chief Executive Officer, ...",N
https://in.linkedin.com/in/sumit-gupta-568b26142,CEO at Delhi · Report · Report · Experience · People also viewed · Explore collaborative articles · Others named Sumit Gupta in India · View Sumit's full profile.,N
https://in.linkedin.com/in/niraj-gupta-66039a11,"People also viewed · SUBRATAkumar DOLAI. FOUNDER - GETRON ELECTRONICS INDIA, NEW DELHI · Rajesh Choudhary. CEO/Owner at The Claremont Hotel (Delhi) · pankaj Pankaj.",N
https://in.linkedin.com/in/cardekhoamitjain,"Amit Jain. CEO & CoFounder - CarDekho Group. CarDekhoIIT Delhi. Jaipur, Rajasthan, India. 116K followers ...",N
https://in.linkedin.com/in/brijesh-s-2313456a,"Delhi Furniture Company (P) Ltd. Graphic. CEO. Delhi Furniture Company (P) Ltd. Aug 2010 - Present12 years 11 months. New Delhi, Delhi, India · Infosys Graphic ...",N
https://in.linkedin.com/in/rohit-gothi-2366885,"Experience · CEO · Executive Director-Mkt Operations · Hub CEO, Delhi NCR and Rajasthan · CEO,Delhi NCR · Chief Executive Officer,UPU · Country Head · Business Head.",N
https://in.linkedin.com/in/vinod-bisht-3136566,"Lucknow Super Giants, Durban's Super Giants , ATK Mohun Bagan, Delhi Capitals,Dubai ... CEO. RPSG Sports Private Limited. Sep 2022 - Present10 months.",N
https://in.linkedin.com/in/rajnish-gupta-84891356,"Rajnish Gupta. CEO. Silentt PartnersGovernment College for Men Chandigarh. Delhi, India. 57 followers 57 connections.",N
https://in.linkedin.com/in/shantha-raju-0729548,"Chief Executive Officer at Delhi International Airports (P) Ltd. ... Vice President, Circle CEO - Rajasthan Circle at Indus Towers Limited. Gurgaon ...",N
https://in.linkedin.com/in/shivangi-sehrawat-aaa69a215,Deputy CEO at Delhi Police Dept · Report · Report · About · Experience · Education · Looking for career advice? · Others named Shivangi Sehrawat ...,N
https://in.linkedin.com/in/rakesh-nath-245b6b20,Owner. Delhi Press Ltd. 1965 - Present58 years. Jhandewala & Sahibabad. ... Tarot Mamta is the CEO at Tarot in Singapore helping people gain clarity to ...,N
https://in.linkedin.com/in/venu-gopal-1257b4188,Experience ; CEO of International Delhi public school. IDPS School. Mar 2021 ; Business Development Manager. INTERNATIONAL DELHI PUBLIC SCHOOL. Nov 2019 ; Business ...,N
https://in.linkedin.com/in/ashish-khanna-643a92157,"Delhi Gymkhana Club Graphic. CEO. Delhi Gymkhana Club. Apr 2018 - Present5 years 3 months. New Delhi Area, India. Army veteran, Entrepreneur, Strategic expert, ...",N
https://in.linkedin.com/in/yash-bajaj-51711716,"CEO. DELHI. Apr 2012 - Present11 years 3 months. GIVEN CONSULTANCY ABOUT ENTRANCE FOR AUTO & TRACTOR SPARE PARTS IN DOMESTIC , OEM & INTERNATIONAL MARKET.",N
https://in.linkedin.com/in/delhi-darbar-restaur-bhopal-a1a02a5a,"DELHI DARBAR RESTAUR BHOPAL. MD & CEO. Delhi Darbar. Bhopal, Madhya Pradesh, India. 265 followers 269 connections.",N
https://in.linkedin.com/in/paresh-nath-aa790331,"Paresh Nath · Owner, Delhi Press · Report · Report · About · Experience · Education · People also viewed · Explore collaborative articles.",N
https://in.linkedin.com/in/david-roger-773aa68b,"People also viewed · Anil Kumar. CEO. North Delhi · Aditya Singh. CEO. Delhi, India · Ashok Oberoi. CEO at Great Indian Trip. South Delhi · sandeep kumar. ceo.",N
https://in.linkedin.com/in/sanjay-tyagi-a0263041,Sanjay Tyagi · EA to Chief Executive Officer at Delhi International Airport Ltd · Report · Report · About · Articles by Sanjay · Activity · Experience · Education.,N
https://in.linkedin.com/in/tripti-nanda-mahla-37ba633a,"Secretary to Deputy CEO at DELHI INTERNATIONAL AIRPORT LIMITED. DELHI INTERNATIONAL AIRPORT PRIVATE LIMITED. Delhi, India. 160 followers 147 connections.",N
https://in.linkedin.com/in/singhalgaurav,"Founder & CEO. Blue Digital Media Pvt. Ltd. Oct 2009 - Present13 years 9 months. New Delhi, Noida, UAE. Digital Marketing agency focusing on Creating value ...",N
https://in.linkedin.com/in/rajnish-kaul-a88b4264,CEO - Delhi & NCR · Chief Operating Officer Bangladesh · CEO Madhya Pradesh & Chattisgarh · Chief Operating Officer Andhra Pradesh · Chief Hub Marketing Officer ( ...,N
https://in.linkedin.com/in/pradeep-gaur-3781a9150,CEO and Founder at Delhi Haridwar Transways ... Chief Executive Officer at Anjali Enterprises haridwar. Haridwar ... CEO at Delhi Degree College - India.,N
https://in.linkedin.com/in/delhi-citadel-16709a87,"Abhay Mehta. CEO at Delhi Cabz & Services Pvt. Ltd. Delhi, India · Raman Sachdev. CEO and Founder ...",N
https://in.linkedin.com/in/delhi-modular-kitchen-modular-kitchen-in-delhi-and-gurgaon-639863184,"Delhi Modular Kitchen has an exclusive collection of modular kitchens, wardrobes, Tv Units, Puja units, beds & chair. ... Group CEO at Delhi Modular Kitchen.",N
https://in.linkedin.com/in/aditya-singh-331a88a2,"People also viewed · sandeep kumar. ceo. Delhi, India · Jayanta Nath. --. Rajarhat · CA Ravi Bhutani. Chartered Accountant. Delhi, India · Anil Kumar. CEO. North ...",N
https://in.linkedin.com/in/akashpoddar1967,"South Delhi, Delhi, India ... Manage P&L like an owner, treat colleagues like a family, and worship the work place as a ... Interim Chief Executive Officer.",N
https://in.linkedin.com/in/anil-kumar-a58b7795,"People also viewed · David Roger. CEO. Delhi, India · Ashok Oberoi. CEO at Great Indian Trip. South Delhi · Aditya Singh. CEO. Delhi, India · Manoj Madan. Director ...",N
https://in.linkedin.com/in/goelrishabh,"Co-founder & CEO, Credgenics | Forbes 30 Under 30 | IIT Delhi | Hiring across engineering and product roles. CredgenicsIndian Institute of Technology, Delhi ...",N
https://in.linkedin.com/in/dr-sukh-dev-singh-ifs-3548284a,"Delhi Govt Graphic. CEO. Delhi Govt. Aug 2008 - Present14 years 11 months. New Delhi Area, India · Indian Forest Service Graphic. Chief Conservator of Forests/ ...",N
https://in.linkedin.com/in/harsh-garg-ceo-infilate/fr,"Harsh Garg, CEO at Creasip , A Creator Gossip App , The leading ... Delhi is a hub for Food Joints and our Fellow Delhiites are enthusiatic enough to try ...",N
https://in.linkedin.com/in/sharad-aggarwal-4803668,"Sharad Aggarwal is not merely the CEO at Godfrey Phillips India Ltd, (GPI), ... In 2021, he was instated as GPI's CEO. ... New Delhi, Delhi, India.",N
https://in.linkedin.com/in/jm-taneja-580a37243,Expertise as CEO in making apt & sound decisions in Banking and finance with 40 years of experience in ... Delhi Nagrik Sehkari Bank (DNSB)MBA Finance ...,N
https://in.linkedin.com/in/varundhingra?trk=prof-samename-picture,"Varun Dhingra. CEO, Renous | 40u40. Renous. New Delhi, Delhi, India. 17K followers 500+ connections.",N
https://in.linkedin.com/in/vipin-sondhi-40306914,"New Delhi, Delhi, India ... Managing Director & CEO at Wirtgen India Pvt Ltd ... Vice Chairman & CEO at Abi & Abi Group of Companies Institutions and Media.",N
https://in.linkedin.com/in/sachin-golwalkar-83885617a,People also viewed · Ashish Chopra. Chief Executive Officer at Delhi Duty Free Services · Deepak Mittal. We are hiring@TO THE NEW · Niraj Singh. Founder & CEO - ...,N
https://in.linkedin.com/in/dr-sunil-rana-3794a797,"Managing Director & CEO. Delhi Pet Hospital, Chattarpur, New Delhi. Mar 1991 - Present32 years 4 months. To look after the administration and Veterinary ...",N
https://in.linkedin.com/in/prince-kumar-5ba636217,"Prince Kumar. CEO at Skylynn. Skylynn. Delhi, Delhi, India. 128 followers 124 connections. Join ...",N
https://in.linkedin.com/in/aanchal-saini-b932537b,"Angel Investor | CEO at Faad Network | Talking about Startups and India. New Delhi · Arshika Singhal. Brand Manager, FLYROBE. Uttar Pradesh, India ...",N
https://in.linkedin.com/in/mudhit-sethi-110556217,"Chief Executive Officer at ADN BROADBAND ⏩FIBER TO THE HOME ⏪ EVERY WHERE WITHIN DELHI NCR SERVICES BROADBAND, OTT, LEASE LINE,LANDLINE, LIVE CABLE TV OUR ...",N
https://in.linkedin.com/in/rajesh-walia-71177b7b,"Rajesh Walia. Managing Director & CEO. Delhi Punjab Real Estates Pvt Ltd. Chandigarh, India. 1 follower 1 connection.",N
https://in.linkedin.com/in/sohindergill,"Delhi, India ... Founder & CEO at Electric One | India's largest EV Super Stores ... CEO at EMotorad | Electric Mobility | Hiring across departments.",N
https://in.linkedin.com/in/delhi-network-security-7574131a3,People also viewed · CIVIL VIEW. ECI at CEO DELHI · Vijay Kumar. CEO · Anmol Maheshwari. Founder at Delhi Hair Studio · Narender Dhawan. Editor in Chief at Delhi ...,N
https://in.linkedin.com/in/samyakdevelopmentsgaurav,"Chief Executive Officer at Leading Real Estate organization. Chandigarh · Anil Behl. Former CEO & Executive Director -at JINDAL REALTY PVT LTD. Delhi, India ...",N
https://in.linkedin.com/in/deepanshu-bajaj-5b157066,"Abhay Mehta. CEO at Delhi Cabz & Services Pvt. Ltd. Delhi, India · Raman Sachdev. CEO and Founder ...",N
https://in.linkedin.com/in/asit-shekhar,I am the CEO of Delhi NCR Circle. I am proud to be part of the Digital Revolution being unveiled in India and initiated by Reliance Industries .,N
https://in.linkedin.com/in/kruti-bharucha-696935,"South Delhi, Delhi, India ... Associate,Talent Aquisition-Arthan|EA to the CEO,Peepul|Fellow at Teach For India|Hansraj College'20. Delhi, India ...",N
https://in.linkedin.com/in/ashok-oberoi-03103624,"Ashok Oberoi. CEO at Great Indian Trip. Great Indian TripDelhi University. South Delhi, Delhi, India. 1K ...",N
https://in.linkedin.com/in/vikram-sharma-17760820b,"Vikram Sharma. Corporate Manager at The CEO Story India. The CEO Story India. New Delhi, Delhi, India. 114 followers ...",N
https://in.linkedin.com/in/vishal-gupta-275a089,"Owner, Delhi Call Centers P. Ltd. ... Bharat D. owner of a BPO Call center. India ... CEO at KAP Call Center Pvt. Ltd. - Bestcallcenter.in & Kapsystem.com.",N
https://in.linkedin.com/in/prof-rajesh-k-grover-a9855821,"Director & CEO at Delhi State Cancer Institute ... Delhi State Cancer Institute (DSCI) is a dedicated, state of art institution in public sector for ...",N
https://in.linkedin.com/in/neeraj-kumar-11329b135,"... of opreation then ASM at HDFC bank and now M the CEO and founder of loans hub Delhi India | Learn more about Neeraj Kumar's work experience, education, ...",N
https://in.linkedin.com/in/gulzar-singh-82a101106,People also viewed · rajan mishra · Delhi Dealz · Rahul Murail · saud ahmed · Ramanujan V (DELHI CEO MEET) · hitesh kumar · Sanjay Dixit · Anshuman Gupta.,N
https://in.linkedin.com/in/anujpalgoswami,"MD & CEO. Global Institute for Staffing and Training: GIST. Jun 2016 - Present7 years 1 month. New Delhi, India. 1. Domestic and international recruitment",N
https://in.linkedin.com/in/kunal-gupta-8538484,Kunal Gupta. Chief Executive Officer - 24Seven Retail. Godfrey Phillips India LtdBradford College. Greater Delhi Area. 940 followers ...,N
https://in.linkedin.com/in/anuj-gandhi-12b856b,"Founder & Ceo. MY RUPEE TO INVEST PRIVATE LIMITED. Jan 2018 - Present5 years 6 months. New Delhi, Delhi, India. Corporate Insurance Consultants Graphic ...",N
https://in.linkedin.com/in/anil-dhingra-67521258,"Chief Executive Officer, IFFCO-MC Crop Science ... South Delhi, Delhi, India ... CEO and Head of management Board at KIMIA KOOD BAHAR CO.",N
https://in.linkedin.com/in/tarun-singhal-0371b061,"CEO at Mercedes Benz T & T Motors Ltd. Delhi, India · LALIT VIJAY. Mercedes-Benz - T&T Motors - Retail of the Future, Auto Industry, ...",N
https://in.linkedin.com/in/ajay-kaswan-158421118,Student at delhi public school bikaner ... CEO. Delhi University ... Founder and CEO Oncophenomics; Additional Role as Scientific Director at Episteme ...,N
https://in.linkedin.com/in/gaurav-chadha-1b895820,"Director / Owner- ABISHA E-SERVICES PVT. LTD. Uttarakhand, India · Munish Babbar. owner at bpo industry. West Delhi ...",N
https://in.linkedin.com/in/tcbadan,Experienced Chief Executive Officer with a demonstrated history of ... CEO at MADE EASY Education Pvt. Ltd. ... Sardar Patel Vidyalaya New Delhi Graphic ...,N
https://in.linkedin.com/in/sanjeev-sharma-01478342,Chief Operating Officer at Delhi Heart and Lung Institute ... CEO -Audi Delhi West | Story Teller |Guest Lecturer | Motivational speaker |Life Coach| ...,N
https://in.linkedin.com/in/tapasya-poonia-959a1967,"Tapasya Poonia. CEO at Delhi healthcare. Delhi healthcareLPS. Delhi, India. 170 followers 169 connections. Join to view profile · Report this profile ...",N
https://in.linkedin.com/in/pramodalagharu,"Delhi, India ... Dilip Jose. Managing Director and CEO at Manipal Hospitals. Bengaluru ... Chief Executive Officer(CEO) at Immuno Diagnostics Pvt Ltd.",N
https://in.linkedin.com/in/vikrant-batra-575473128,"Hiring Brand- CAFE DELHI HEIGHTS Post… ... Kabir suri. Co- Founder / Joint - Ceo at Azure Hospitality Pvt Ltd. Delhi, India ... Owner, Delhi Heights.",N
https://in.linkedin.com/in/dillip-rout-45580758,"Experience · Self employed Graphic. Current Title : CEO at Dayandnightloan.com. Self employed. Jan 2020 - Present3 years 6 months. New Delhi Area, India · NAMAN ...",N
https://in.linkedin.com/in/manish-jindal-175266a2,"CEO, NABET. Quality Council of India(QCI). Feb 2018 - Present5 years 5 months. New Delhi Area, India. Punjab Engineering College Graphic ...",N
https://in.linkedin.com/in/rajesh-bansal-51a2bb32,"Rajesh Bansal. Power Distribution Professional, Former CEO BRPL. Self-employedKREC surathkal. South Delhi, Delhi, India.",N
https://in.linkedin.com/in/pankajkumarofficial,"Founder, CEO | manufacturing partner DRDO | Medical Devices |medical supplies| Healthcare equipment | covid-19 supplies ... South Delhi, Delhi, India.",N
https://in.linkedin.com/in/rajesh-bhateja,"Currently, CEO and Founder Director at SunTec Web Services since 1999, a leading data and content ... SunTec IndiaNew Delhi ... Co-Owner. Delhi, India ...",N
https://in.linkedin.com/in/angadbhatia,"Angad Bhatia. Founder & CEO MensXP, iDiva, Hypp, Indiatimes. MensXP. Delhi, India. 6K followers 500 ...",N
https://in.linkedin.com/in/ravinder-kumar-sharma-726bb21b5,"Ravinder Kumar Sharma. CEO at construction. construction. Delhi, India. Join to view profile.",N
https://in.linkedin.com/in/faizan-ali-4710121a1,Owner at DELHI SWEETS PRIVATE LIMITED ... OWNER at First Flight Couriers Limited ... Pranay Sumbly. Head Strategy & CEO's Office | Building Zepto. Mumbai ...,N
https://in.linkedin.com/in/sunil-duggal-0190a743,"New Delhi, Delhi, India ... Featured amongst 20 Best CEOs of 2018 ... Business analyst to Group CEO Vedanta I ESG Advocate I Business Analytics Bits Pilani ...",N
https://in.linkedin.com/in/anil-baijal-46321a6,I was Ex Vice President at Siemens and CEO & MD at Flakt | Learn more about Anil ... Currently retired and live in DelhiDelhi Collage of Engineering ...,N